SamAccountName,ManagerSamAccountName
rwagner,aperryman
ethomas,aperryman
dteegarden,aperryman
TTATE,aperryman
sstrausbaugh,aperryman
wregan,aperryman
aperryman,nsharadin
jdparker,aperryman
dmccuen,aperryman
smcbride,aperryman
jlowery,aperryman
whedington,nsharadin
BGUTIERREZ,aperryman
bfranklin,aperryman
mespiritu,aperryman
sdownie,aperryman
BDORMAN,aperryman
rclingersmith,aperryman
jcabral,aperryman
WBEST,aperryman
kbrown,aperryman
gbalderaz,aperryman
pwong,jdavis
rjustice,jdavis
aezell,mskouson
jbognar,mskouson
jdavis,mskouson
pbalog,bkahler
mballard,mskouson
jwhite,nsharadin
cwheeler,nsharadin
eshelton,nsharadin
gsalerno,nsharadin
npreast,nsharadin
nmorillo,nsharadin
RMARCUM,nsharadin
glake,nsharadin
dkeefer,nsharadin
igutierrez,nsharadin
jdowdell,nsharadin
gdevore,nsharadin
aclarke,nsharadin
ncaudill,nsharadin
tbeale,nsharadin
nbaetens,nsharadin
DALTIER,nsharadin
egraul,jloiselle
jfung,JLAMOUREUX
jtan,JLAMOUREUX
chwalker,JLAMOUREUX
krose,JLAMOUREUX
tkraynak,JLAMOUREUX
akendrick,JLAMOUREUX
thay,JLAMOUREUX
rfogle,jkennedy